{"fullscreen":false,"width":480,"height":330,"scale":1,"startScene":"main","version":"0.5.0","clearColor":[0.7529411764705882,0.7529411764705882,0.7529411764705882,1]}